,Game,Total,Twitch_Year,Genre
0,7 Days to Die,149457827.025696,2016,Action
1,7 Days to Die,157815966.232176,2017,Action
2,7 Days to Die,104328705.778752,2018,Action
3,7 Days to Die,287697860.869755,2019,Action
4,7 Days to Die,403155253.93248,2020,Action
5,7 Days to Die,415203439.138446,2021,Action
6,APB Reloaded,1746921.9072059998,2016,Role-Playing
7,Alien: Isolation,4662774.169136999,2016,Shooter
8,Alien: Isolation,5187696.622038,2017,Shooter
9,Alien: Isolation,1916759.017656,2018,Shooter
10,Alien: Isolation,7451191.893599999,2019,Shooter
11,Alien: Isolation,71964795.20897101,2020,Shooter
12,Alien: Isolation,40385367.739878,2021,Shooter
13,Animal Crossing: New Leaf,301575.932322,2016,Simulation
14,Ape Escape,584559.984729,2016,Platform
15,Ape Escape,1906516.8728970003,2017,Platform
16,Banjo-Kazooie,1232740.215,2016,Platform
17,Banjo-Kazooie,3627206.67078,2017,Platform
18,Banjo-Kazooie,5016787.982535,2019,Platform
19,Battleborn,36213760.43762399,2016,Shooter
20,Battlefield 4,102968434.555077,2016,Shooter
21,Battlefield 4,1118788.999356,2017,Shooter
22,Battlefield 4,3346297.750782,2018,Shooter
23,Battlefield 4,156028575.670863,2021,Shooter
24,Battlefield: Bad Company 2,343933.053282,2016,Shooter
25,Beyond: Two Souls,1658888.406,2016,Adventure
26,Beyond: Two Souls,993720.569247,2017,Adventure
27,BioShock,758696.947932,2016,Shooter
28,BioShock,3005299.491348,2018,Shooter
29,Blast Corps,676803.0023999999,2016,Action
30,Bloodborne,147626056.20800102,2016,Action
31,Bloodborne,109469524.096863,2017,Action
32,Bloodborne,268102680.401955,2018,Action
33,Bloodborne,105771704.729187,2019,Action
34,Bloodborne,237156393.795594,2020,Action
35,Bloodborne,182341325.681109,2021,Action
36,Borderlands 2,10199087.263701,2016,Shooter
37,Borderlands 2,105509079.93381,2017,Shooter
38,Borderlands 2,61165070.955828,2018,Shooter
39,Borderlands 2,292088974.501401,2019,Shooter
40,Borderlands: The Handsome Collection,363357.957417,2016,Shooter
41,Bully: Scholarship Edition,768599.306496,2016,Action
42,Bully: Scholarship Edition,3088872.685647,2018,Action
43,Call of Duty 4: Modern Warfare,4996731.181743,2016,Shooter
44,Call of Duty: Black Ops,3002281.237368,2016,Shooter
45,Call of Duty: Black Ops,726809.2002990001,2017,Shooter
46,Call of Duty: Black Ops II,15840120.744525002,2016,Shooter
47,Call of Duty: Black Ops II,35391082.514067,2017,Shooter
48,Call of Duty: Black Ops II,8252293.2754919985,2020,Shooter
49,Call of Duty: Modern Warfare 2,3643109.610966,2016,Shooter
50,Call of Duty: Modern Warfare 2,2757615.447447,2018,Shooter
51,Call of Duty: Modern Warfare 2,7340869.380033,2020,Shooter
52,Call of Duty: Modern Warfare 3,230400.74694000004,2016,Shooter
53,Castlevania,643984.623828,2016,Platform
54,Castlevania: Symphony of the Night,961369.24884,2016,Platform
55,Chess,23530670.776851,2016,Strategy
56,Chess,28027865.343156,2017,Strategy
57,Chess,665434921.602948,2018,Strategy
58,Chess,836069619.845292,2019,Strategy
59,Chess,13010179729.157017,2020,Strategy
60,Chess,39425806856.31962,2021,Strategy
61,Cities: Skylines,11354639.978073,2016,Simulation
62,Cities: Skylines,21079408.944237,2017,Simulation
63,Cities: Skylines,28500322.031853,2018,Simulation
64,Cities: Skylines,11740939.094472,2019,Simulation
65,Cities: Skylines,13185632.402292,2020,Simulation
66,Company of Heroes 2,2677418.871561,2016,Strategy
67,Company of Heroes 2,384145.854456,2017,Strategy
68,Company of Heroes 2,2272142.353152,2018,Strategy
69,Condemned: Criminal Origins,517194.48942,2016,Action
70,Crash Bandicoot,3392951.9330280004,2016,Platform
71,DC Universe Online,1843528.366302,2016,Role-Playing
72,Danganronpa 2: Goodbye Despair,1401552.005427,2016,Misc
73,Danganronpa 2: Goodbye Despair,4624542.694464,2019,Misc
74,Danganronpa 2: Goodbye Despair,9947915.210814,2020,Misc
75,Danganronpa: Trigger Happy Havoc,790387.983882,2016,Misc
76,Danganronpa: Trigger Happy Havoc,2592450.448434,2019,Misc
77,Danganronpa: Trigger Happy Havoc,17831092.789125,2020,Misc
78,Dark Souls,258054688.828167,2016,Role-Playing
79,Dark Souls,102561498.060063,2017,Role-Playing
80,Dark Souls,1724145272.147634,2018,Role-Playing
81,Dark Souls,400011717.49413,2019,Role-Playing
82,Dark Souls,488118270.729138,2020,Role-Playing
83,Dark Souls,522450554.115588,2021,Role-Playing
84,Dark Souls II,9638756.70786,2016,Role-Playing
85,Dark Souls II,12724314.881292,2017,Role-Playing
86,Dark Souls II,28580991.990075,2018,Role-Playing
87,Dark Souls II,8688478.493625,2019,Role-Playing
88,Dark Souls II,27468993.021288,2020,Role-Playing
89,Dark Souls II,120748579.286412,2021,Role-Playing
90,Dark Souls III,9530658283.48158,2016,Role-Playing
91,Dark Souls III,1005581460.785349,2017,Role-Playing
92,Dark Souls III,601208897.110437,2018,Role-Playing
93,Dark Souls III,555865481.881143,2019,Role-Playing
94,Dark Souls III,1802014764.468576,2020,Role-Playing
95,Dark Souls III,1719681508.552854,2021,Role-Playing
96,Darksiders II,1240896.581925,2016,Action
97,Dead Rising,1543587.050817,2016,Action
98,Dead Rising 2,1300830.482385,2016,Action
99,Dead Space,2534340.0067650005,2016,Action
100,Dead Space,940631.314329,2017,Action
101,Dead Space 2,1365268.753926,2016,Shooter
102,Dead Space 2,3147832.900338,2019,Shooter
103,Dead Space 2,2774897.9874,2020,Shooter
104,Dead Space 3,729255.708216,2016,Action
105,Demon's Souls,3602015.731335,2016,Role-Playing
106,Demon's Souls,626782.59483,2017,Role-Playing
107,Demon's Souls,2411751.613719,2018,Role-Playing
108,Demon's Souls,11987800275.439842,2020,Role-Playing
109,Demon's Souls,133543793.139792,2021,Role-Playing
110,Destiny,11329174691.248323,2016,Shooter
111,Destiny,5668534712.308419,2017,Shooter
112,Deus Ex,3066571.308822,2016,Role-Playing
113,Deus Ex: Mankind Divided,132872301.49477202,2016,Role-Playing
114,DiRT Rally,276099.553548,2016,Racing
115,Diablo,1537459.780752,2016,Role-Playing
116,Diablo,1394935.093125,2018,Role-Playing
117,Diablo II: Lord of Destruction,47692931.922111005,2016,Role-Playing
118,Diablo II: Lord of Destruction,45001642.803012,2017,Role-Playing
119,Diablo II: Lord of Destruction,59886717.050307,2018,Role-Playing
120,Diablo II: Lord of Destruction,117059229.434637,2019,Role-Playing
121,Diablo II: Lord of Destruction,185378443.606545,2020,Role-Playing
122,Diablo III,1365120607.93353,2016,Role-Playing
123,Diablo III,720855107.452998,2017,Role-Playing
124,Diablo III,593091960.9184921,2018,Role-Playing
125,Diablo III,848910668.1831931,2019,Role-Playing
126,Diablo III,461169086.508627,2020,Role-Playing
127,Diablo III,728524022.5278751,2021,Role-Playing
128,Dishonored,5924453.743319999,2016,Action
129,Divinity: Original Sin,2322231.790389,2016,Role-Playing
130,Divinity: Original Sin,2593189.225158,2017,Role-Playing
131,Donkey Kong 64,715478.809227,2016,Platform
132,Donkey Kong 64,3048706.3616100005,2017,Platform
133,Donkey Kong 64,5651379.50916,2019,Platform
134,Donkey Kong Country,1255706.41833,2016,Platform
135,Donkey Kong Country,2300008.180365,2018,Platform
136,Donkey Kong Country 2: Diddy's Kong Quest,2118722.270175,2016,Platform
137,Donkey Kong Country: Tropical Freeze,2438765.538825,2016,Platform
138,Donkey Kong Country: Tropical Freeze,4681668.426434999,2018,Platform
139,Dying Light,64850805.984006,2016,Action
140,Dying Light,10045556.310594,2017,Action
141,Dying Light,10876400.91531,2018,Action
142,Dying Light,4730608.331253001,2019,Action
143,Dying Light,9000012.093408,2020,Action
144,Dying Light,16417484.67429,2021,Action
145,EA Sports UFC 2,106543697.560608,2016,Sports
146,EVE Online,40233815.069469005,2016,Role-Playing
147,EVE Online,31532360.985594,2017,Role-Playing
148,EVE Online,24070487.882595003,2018,Role-Playing
149,EVE Online,2455062.8170950003,2019,Role-Playing
150,Euro Truck Simulator 2,44836366.3188,2016,Action
151,Euro Truck Simulator 2,52287289.080285,2017,Action
152,Euro Truck Simulator 2,92568623.513289,2018,Action
153,Euro Truck Simulator 2,118549440.497985,2019,Action
154,Euro Truck Simulator 2,204901444.433973,2020,Action
155,Euro Truck Simulator 2,461616294.4571641,2021,Action
156,Evolve,112872657.29859,2016,Shooter
157,FIFA 16,3032683836.886011,2016,Sports
158,FIFA 17,4769582247.104934,2016,Sports
159,FIFA 17,7503876013.118499,2017,Sports
160,FIFA 17,6266747.069961,2018,Sports
161,FIFA 17,4375669.94298,2020,Sports
162,Fallout 4,214592875.808703,2016,Role-Playing
163,Fallout 4,96506836.795887,2017,Role-Playing
164,Fallout 4,114592489.548348,2018,Role-Playing
165,Fallout 4,3512512.719891,2019,Role-Playing
166,Fallout 4,35441251.673709,2020,Role-Playing
167,Fallout: New Vegas,1062147.705192,2016,Role-Playing
168,Fallout: New Vegas,4754322.505799999,2017,Role-Playing
169,Fallout: New Vegas,16098881.124459,2018,Role-Playing
170,Fallout: New Vegas,7905685.397526,2019,Role-Playing
171,Far Cry 4,540792.983682,2016,Shooter
172,Far Cry: Primal,108365478.127956,2016,Action
173,Final Fantasy IV,6080121.714239999,2016,Simulation
174,Final Fantasy IV,773740.2897630001,2017,Simulation
175,Final Fantasy IV,3785073.939192,2018,Simulation
176,Final Fantasy IV,2271823.90512,2019,Simulation
177,Final Fantasy IX,2769348.345981,2016,Role-Playing
178,Final Fantasy IX,524116.412862,2017,Role-Playing
179,Final Fantasy IX,39938335.243716,2019,Role-Playing
180,Final Fantasy Tactics: The War of the Lions,390246.108798,2016,Role-Playing
181,Final Fantasy V,320635.28044800006,2016,Role-Playing
182,Final Fantasy V,571245.302208,2017,Role-Playing
183,Final Fantasy VI,5310996.0033060005,2016,Role-Playing
184,Final Fantasy VI,16492104.971538,2018,Role-Playing
185,Final Fantasy VII,6822610.852785001,2016,Role-Playing
186,Final Fantasy VII,30501283.175517,2017,Role-Playing
187,Final Fantasy VII,10375563.870525,2018,Role-Playing
188,Final Fantasy VII,57707186.314638,2019,Role-Playing
189,Final Fantasy VII,40543141.95939,2020,Role-Playing
190,Final Fantasy VII,27385201.272471003,2021,Role-Playing
191,Final Fantasy X/X-2 HD Remaster,10116752.865681,2016,Role-Playing
192,Final Fantasy XII,621192.658506,2016,Role-Playing
193,Final Fantasy XIV: Heavensward,43930217.397024,2016,Action
194,Final Fantasy XIV: Heavensward,34021950.101706,2017,Action
195,Fire Emblem: Path of Radiance,1177635.3158850002,2016,Action
196,Forza Horizon 3,16132240.022514,2016,Racing
197,Forza Horizon 3,2077740.490812,2017,Racing
198,Forza Motorsport 6,969449.36298,2016,Racing
199,Game & Wario,332884.56883500004,2016,Misc
200,Gears of War: Ultimate Edition,8382531.360545999,2016,Shooter
201,Ghostbusters,583265.7533849999,2016,Puzzle
202,Goat Simulator,200894.27836800003,2016,Simulation
203,Grand Theft Auto III,992458.494972,2016,Action
204,Grand Theft Auto V,2471421888.729444,2016,Action
205,Grand Theft Auto V,33689390405.06214,2017,Action
206,Grand Theft Auto V,40377232716.9355,2018,Action
207,Grand Theft Auto V,725687086530.4437,2019,Action
208,Grand Theft Auto V,1325687666347.37,2020,Action
209,Grand Theft Auto V,6275375844604.229,2021,Action
210,Grand Theft Auto: San Andreas,5973453.246747,2016,Action
211,Grand Theft Auto: San Andreas,15606135.01272,2017,Action
212,Grand Theft Auto: San Andreas,36375180.013389,2018,Action
213,Grand Theft Auto: San Andreas,40564497.864765,2019,Action
214,Grand Theft Auto: San Andreas,161881867.981113,2020,Action
215,Grand Theft Auto: San Andreas,33437804.484231003,2021,Action
216,Guild Wars 2,26366311.606614,2016,Action
217,Guild Wars 2,57377922.105021,2017,Action
218,Guild Wars 2,54359873.999655,2018,Action
219,Guild Wars 2,48235471.070913,2019,Action
220,Guild Wars 2,198295935.62163,2020,Action
221,Guild Wars 2,183214736.120199,2021,Action
222,Guitar Hero III: Legends of Rock,248804.24226,2016,Misc
223,Guitar Hero III: Legends of Rock,676169.260536,2017,Misc
224,Guitar Hero III: Legends of Rock,4753735.7930580005,2018,Misc
225,Half-Life 2,945361.494588,2016,Shooter
226,Half-Life 2,1868772.375162,2017,Shooter
227,Half-Life 2,4803922.3008,2020,Shooter
228,Halo 4,1935109.711668,2016,Shooter
229,Halo 5: Guardians,404280716.099295,2016,Shooter
230,Halo 5: Guardians,157438048.34562,2017,Shooter
231,Halo 5: Guardians,32779812.310539003,2018,Shooter
232,Hearts of Iron IV,22305208.673328,2016,Strategy
233,Hearts of Iron IV,1381628.406501,2017,Strategy
234,Hearts of Iron IV,10989266.581482,2018,Strategy
235,Hearts of Iron IV,28041168.134343,2019,Strategy
236,Hearts of Iron IV,31545303.125553,2020,Strategy
237,Hearts of Iron IV,39124893.637851,2021,Strategy
238,Heavy Rain,23484614.205108,2016,Adventure
239,Heavy Rain,632717.7583440001,2017,Adventure
240,Hexen: Beyond Heretic,632132.338824,2016,Shooter
241,Hitman: Absolution,968114.537082,2016,Action
242,Hitman: Blood Money,186700.315284,2016,Action
243,Homefront: The Revolution,2439691.816968,2016,Shooter
244,Illusion of Gaia,861942.777234,2016,Role-Playing
245,Jak and Daxter: The Precursor Legacy,616283.650878,2016,Platform
246,Just Cause 3,988723.25979,2016,Action
247,Killer Instinct,12211302.182919,2016,Fighting
248,Killer Instinct,1625558.668524,2017,Fighting
249,Kirby 64: The Crystal Shards,2108835.540672,2016,Platform
250,Kirby: Nightmare in Dream Land,1171343.838168,2016,Platform
251,L.A. Noire,9429167.072871,2016,Adventure
252,L.A. Noire,14870430.668772,2017,Adventure
253,LEGO The Lord of the Rings,433390.108032,2016,Action
254,Left 4 Dead 2,7286317.995705,2016,Shooter
255,Left 4 Dead 2,4116288.311814,2017,Shooter
256,Left 4 Dead 2,8056264.177143001,2018,Shooter
257,Left 4 Dead 2,17623765.078268997,2019,Shooter
258,Left 4 Dead 2,79743198.621912,2020,Shooter
259,Left 4 Dead 2,33138625.712367,2021,Shooter
260,Life is Strange,6703053.914046001,2016,Adventure
261,Life is Strange,4502091.745683,2017,Adventure
262,Life is Strange,1260756.954912,2018,Adventure
263,Life is Strange,58802233.90293,2021,Adventure
264,MLB 15: The Show,286570.488204,2016,Sports
265,Madden NFL 16,91654900.694931,2016,Sports
266,Madden NFL 17,90422016.806121,2016,Sports
267,Madden NFL 17,77553545.31720601,2017,Sports
268,Mafia,1260707.165865,2016,Action
269,Mafia,664688.287956,2017,Action
270,Mafia II,7702587.973541999,2016,Action
271,Mafia II,22920059.481543,2020,Action
272,Mario Kart 64,642061.9181340002,2016,Racing
273,Mario Kart 8,20898630.860247,2016,Racing
274,Mario Kart 8,117906193.05801,2017,Racing
275,Mario Kart 8,44276583.268995,2018,Racing
276,Mario Kart 8,22584951.990258,2019,Racing
277,Mario Kart 8,388045154.310114,2020,Racing
278,Mario Kart 8,3984947692.504527,2021,Racing
279,Mario Party 10,3184645.032324,2016,Misc
280,Mass Effect,1007790.24108,2016,Role-Playing
281,Mass Effect,9782532.382749,2017,Role-Playing
282,Mass Effect,1225349.262018,2018,Role-Playing
283,Mass Effect,2312951.645088,2019,Role-Playing
284,Mass Effect 2,2310659.8822230003,2016,Role-Playing
285,Mass Effect 2,15185010.689541,2017,Role-Playing
286,Mass Effect 3,3081979.575822,2016,Role-Playing
287,Mass Effect 3,8621459.755293,2017,Role-Playing
288,Mega Man 2,921841.44528,2016,Action
289,Mega Man X,1560298.459776,2016,Platform
290,Mega Man X,1092391.010655,2017,Platform
291,Mega Man X,1107417.146325,2018,Platform
292,Mega Man X2,967179.395637,2016,Platform
293,Mega Man X2,482502.642216,2017,Platform
294,Mega Man ZX Advent,1000460.321868,2016,Platform
295,Mega Man Zero 2,1156254.523872,2016,Platform
296,Metal Gear Solid,451782.0589800001,2016,Action
297,Metal Gear Solid,1156056.440112,2018,Action
298,Metal Gear Solid 2: Sons of Liberty,1188925.017777,2016,Action
299,Metal Gear Solid 2: Sons of Liberty,5029214.584275,2017,Action
300,Metal Gear Solid 3: Snake Eater,620084.80884,2016,Action
301,Metal Gear Solid 3: Snake Eater,1905105.904611,2018,Action
302,Metal Gear Solid 4: Guns of the Patriots,407370.891438,2016,Action
303,Metal Gear Solid V: The Phantom Pain,8106901.467378,2016,Action
304,Metal Gear Solid V: The Phantom Pain,2115816.053379,2017,Action
305,Metal Gear Solid: Peace Walker,195716.990259,2016,Action
306,Metro: Last Light,927382.27071,2016,Action
307,Metro: Last Light,1321915.189644,2017,Action
308,Metro: Last Light,10715580.337896,2019,Action
309,Metroid Fusion,1163220.621885,2016,Action
310,Metroid Fusion,1875399.0024,2017,Action
311,Metroid Prime,2436861.048636,2016,Shooter
312,Metroid Prime,1786683.18465,2017,Shooter
313,Microsoft Flight Simulator X,8975769.7323,2016,Simulation
314,Microsoft Flight Simulator X,11030903.977086,2017,Simulation
315,Microsoft Flight Simulator X,8986413.611742001,2018,Simulation
316,Microsoft Flight Simulator X,1376489.599632,2019,Simulation
317,Mighty No. 9,1149699.465432,2016,Platform
318,Mighty No. 9,1876799.4672,2017,Platform
319,Mike Tyson's Punch-Out!!,830127.8127659999,2016,Fighting
320,Minecraft,15061303731.223051,2016,Misc
321,Minecraft,9313083351.81252,2017,Misc
322,Minecraft,4832710531.457865,2018,Misc
323,Minecraft,71698886353.27171,2019,Misc
324,Minecraft,550426835293.645,2020,Misc
325,Minecraft,1247288707810.052,2021,Misc
326,Mirror's Edge,928461.906057,2016,Platform
327,Mirror's Edge,1070972.65212,2017,Platform
328,Mirror's Edge Catalyst,4413069.29238,2016,Platform
329,Monopoly,323405.04655200004,2016,Misc
330,Monopoly,2771774.824728,2017,Misc
331,Mortal Kombat X,74487739.958541,2016,Fighting
332,Mortal Kombat X,3338160.419454,2017,Fighting
333,Mortal Kombat X,3906463.704696,2019,Fighting
334,NBA 2K15,6900605.923239,2016,Sports
335,NBA 2K16,1921493355.071745,2016,Sports
336,NBA 2K16,2149811.40591,2017,Sports
337,NBA 2K17,603136244.856348,2016,Sports
338,NBA 2K17,796216615.253031,2017,Sports
339,NHL 16,3058541.661882,2016,Sports
340,NHL 17,723948.1516470001,2016,Sports
341,NHL 17,442438.876992,2017,Sports
342,Naruto Shippuden: Ultimate Ninja Storm 4,34479798.88588199,2016,Fighting
343,Naruto Shippuden: Ultimate Ninja Storm 4,929451.142032,2017,Fighting
344,New Super Mario Bros.,616442.559474,2016,Platform
345,No Man's Sky,2523172998.4428453,2016,Action
346,No Man's Sky,8410433.823792001,2017,Action
347,No Man's Sky,707053068.25986,2018,Action
348,No Man's Sky,233695113.500394,2019,Action
349,No Man's Sky,19836063.157554,2020,Action
350,No Man's Sky,246156271.046952,2021,Action
351,Overlord II,904939.19145,2016,Action
352,Overwatch,80841918224.91954,2016,Shooter
353,Overwatch,105949382337.23044,2017,Shooter
354,Overwatch,172579068053.40997,2018,Shooter
355,Overwatch,157762147476.8627,2019,Shooter
356,Overwatch,53042873973.13915,2020,Shooter
357,Overwatch,29862798297.038998,2021,Shooter
358,Paper Mario,3610161.925965,2016,Role-Playing
359,Paper Mario,2628375.997884,2018,Role-Playing
360,Paper Mario: The Thousand-Year Door,341249.617632,2016,Role-Playing
361,Paper Mario: The Thousand-Year Door,7202856.680880001,2017,Role-Playing
362,Paper Mario: The Thousand-Year Door,1456768.626306,2019,Role-Playing
363,Paragon,219219622.18499696,2016,Action
364,Paragon,117182573.479377,2017,Action
365,Paragon,1907737.169793,2018,Action
366,Persona 5,1230583.877712,2016,Role-Playing
367,Persona 5,196038149.183961,2017,Role-Playing
368,Persona 5,53062805.988969,2018,Role-Playing
369,Persona 5,8234879.883552,2019,Role-Playing
370,Pikmin,1452388.483392,2016,Strategy
371,Pinball,756405.610884,2016,Action
372,Portal 2,1999471.052271,2016,Shooter
373,Portal 2,4606247.624769,2017,Shooter
374,Portal 2,1059844.94994,2018,Shooter
375,Portal 2,7367328.134397,2019,Shooter
376,Portal 2,2934841.161,2020,Shooter
377,Prison Architect,264770.64495,2016,Action
378,Prison Architect,627658.9419869999,2017,Action
379,Pro Evolution Soccer 2016,339455.63484,2016,Sports
380,Pro Evolution Soccer 2017,570733.060128,2016,Sports
381,Puzzle & Dragons,4025325.647007,2016,Role-Playing
382,Puzzle & Dragons,522842.526108,2017,Role-Playing
383,Quantum Break,33473102.269026,2016,Action
384,RPG Maker,996435.089538,2016,Role-Playing
385,RPG Maker,335634.19537200005,2017,Role-Playing
386,Ratchet & Clank,13358598.92073,2016,Platform
387,Rayman Legends,1693945.7619,2016,Platform
388,ReCore,2137436.05992,2016,Action
389,Red Dead Redemption,5667402.372029999,2016,Action
390,Red Dead Redemption,11420172.441594,2018,Action
391,Resident Evil,10233722.177595,2016,Action
392,Resident Evil,952560.19908,2017,Action
393,Resident Evil,7041017.754225,2019,Action
394,Resident Evil,24116483.893698003,2021,Action
395,Resident Evil 2,604614.751062,2016,Action
396,Resident Evil 2,532050.534855,2017,Action
397,Resident Evil 2,4318079.076905999,2018,Action
398,Resident Evil 2,7326375469.435513,2019,Action
399,Resident Evil 2,111627595.422084,2020,Action
400,Resident Evil 2,56949927.918471,2021,Action
401,Resident Evil 3: Nemesis,348011.843928,2016,Action
402,Resident Evil 3: Nemesis,2168902.83225,2019,Action
403,Resident Evil 4,3097612.453404,2016,Action
404,Resident Evil 4,3538824.788184,2017,Action
405,Resident Evil 4,16513252.542003,2018,Action
406,Resident Evil 4,2471204.687931,2019,Action
407,Resident Evil 4,4787628.444837,2020,Action
408,Resident Evil 4,18794735.632638,2021,Action
409,Resident Evil 5,2023146.635181,2016,Action
410,Resident Evil 5,3926145.486879,2017,Action
411,Resident Evil Zero,4176599.013006,2016,Action
412,Resident Evil: Revelations 2,1659345.0079920003,2016,Action
413,Rise of the Tomb Raider,17152622.39775,2016,Adventure
414,Rise of the Tomb Raider,1711360.4786039998,2018,Adventure
415,Rock Band 4,1311638.522166,2016,Misc
416,Rock Band 4,1188249.372366,2017,Misc
417,Rocket League,931492302.886908,2016,Sports
418,Rocket League,3060529808.835828,2017,Sports
419,Rocket League,4888556016.262107,2018,Sports
420,Rocket League,6339925764.827929,2019,Sports
421,Rocket League,44254778385.865616,2020,Sports
422,Rocket League,73753154153.74817,2021,Sports
423,RollerCoaster Tycoon 2,301910.119812,2016,Strategy
424,RollerCoaster Tycoon World,649328.201361,2016,Simulation
425,S.T.A.L.K.E.R.: Call of Pripyat,305571.720195,2016,Shooter
426,S.T.A.L.K.E.R.: Call of Pripyat,2556477.5702130003,2017,Shooter
427,Secret of Mana,1519967.9754,2016,Role-Playing
428,Secret of Mana,4353117.239499001,2018,Role-Playing
429,Shadow of the Colossus,427924.809921,2016,Action
430,Shadow of the Colossus,221633707.591296,2018,Action
431,Sid Meier's Civilization V,30845741.198076,2016,Strategy
432,Sid Meier's Civilization V,14226114.049623,2017,Strategy
433,Sid Meier's Civilization V,9941588.689935,2018,Strategy
434,Sid Meier's Civilization V,13253046.109548,2019,Strategy
435,Silent Hill,615709.412997,2016,Action
436,Silent Hill 2,941501.6369639998,2016,Action
437,Silent Hill 2,1042909.198506,2018,Action
438,Silent Hill 3,442622.451432,2016,Action
439,Silent Hill: Downpour,960945.261276,2016,Action
440,Sonic Advance,726714.9528029999,2016,Platform
441,Sonic the Hedgehog,1316668.58799,2016,Platform
442,South Park: The Stick of Truth,4397723.336601,2016,Role-Playing
443,South Park: The Stick of Truth,4903164.94563,2017,Role-Playing
444,Splatoon,4955982.907806001,2016,Shooter
445,Spyro: Year of the Dragon,583293.8888490001,2016,Platform
446,Spyro: Year of the Dragon,1488801.8298719998,2017,Platform
447,Star Wars: Knights of the Old Republic,800973.274059,2016,Role-Playing
448,Star Wars: Knights of the Old Republic,4165630.5033,2020,Role-Playing
449,Star Wars: The Old Republic,2038240.349586,2016,Role-Playing
450,Star Wars: The Old Republic,1143195.741597,2017,Role-Playing
451,Star Wars: The Old Republic,43261969.657452,2021,Role-Playing
452,Stellaris,43742330.850204,2016,Strategy
453,Stellaris,5578636.56021,2017,Strategy
454,Stellaris,12974892.351708,2018,Strategy
455,Stellaris,3019853.285568,2019,Strategy
456,Stellaris,6705413.539523999,2020,Strategy
457,Street Fighter V,2631379099.5761013,2016,Fighting
458,Street Fighter V,1337796816.143592,2017,Fighting
459,Street Fighter V,1766942868.731691,2018,Fighting
460,Street Fighter V,994918418.300898,2019,Fighting
461,Street Fighter V,833563808.946687,2020,Fighting
462,Street Fighter V,1075514797.8528872,2021,Fighting
463,Super Mario 3D World,599477.6632320001,2016,Platform
464,Super Mario 3D World,3025309.9884840003,2018,Platform
465,Super Mario 3D World,25439914.6449,2021,Platform
466,Super Mario 64,44799134.015832,2016,Platform
467,Super Mario 64,165109900.327659,2017,Platform
468,Super Mario 64,52440452.348298,2018,Platform
469,Super Mario 64,130219135.56666,2019,Platform
470,Super Mario 64,863179592.770026,2020,Platform
471,Super Mario 64,1039148642.021469,2021,Platform
472,Super Mario Bros.,1326517.987536,2016,Platform
473,Super Mario Bros.,1202431.5072,2017,Platform
474,Super Mario Bros. 3,6300984.286548,2016,Platform
475,Super Mario Bros. 3,1545835.4907449998,2017,Platform
476,Super Mario Bros. 3,2991485.2308599995,2018,Platform
477,Super Mario Bros. 3,3125156.883408,2020,Platform
478,Super Mario Galaxy,5806751.269158,2016,Platform
479,Super Mario Galaxy,2735763.843771,2018,Platform
480,Super Mario Galaxy 2,758672.31363,2016,Platform
481,Super Mario Galaxy 2,9518589.683757002,2017,Platform
482,Super Mario Galaxy 2,6532934.139963001,2019,Platform
483,Super Mario Maker,763218145.786824,2016,Platform
484,Super Mario Maker,209909983.284561,2017,Platform
485,Super Mario Maker,226207718.26695,2018,Platform
486,Super Mario Maker,192121745.09682,2019,Platform
487,Super Mario RPG: Legend of the Seven Stars,5036820.748322999,2016,Role-Playing
488,Super Mario RPG: Legend of the Seven Stars,367616.663631,2017,Role-Playing
489,Super Mario RPG: Legend of the Seven Stars,5406544.149447,2019,Role-Playing
490,Super Mario Sunshine,13690166.784546,2016,Platform
491,Super Mario Sunshine,11011607.937792,2017,Platform
492,Super Mario Sunshine,8416070.915406,2018,Platform
493,Super Mario Sunshine,3776799.699813,2019,Platform
494,Super Mario Sunshine,25791066.258363,2020,Platform
495,Super Mario World,5803981.834245,2016,Platform
496,Super Mario World,7493094.02121,2017,Platform
497,Super Mario World,38392174.349928,2018,Platform
498,Super Mario World,79418464.86861,2019,Platform
499,Super Mario World,136105249.677789,2020,Platform
500,Super Mario World,210289432.487904,2021,Platform
501,Super Metroid,10730154.744813,2016,Action
502,Super Metroid,15085872.843006,2017,Action
503,Super Metroid,4555606.770288,2018,Action
504,Super Metroid,5680640.265552,2019,Action
505,Super Metroid,21048248.17662,2020,Action
506,Super Monkey Ball: Banana Blitz,850028.2756350001,2016,Misc
507,Super Smash Bros. Melee,572271118.765164,2016,Fighting
508,Super Smash Bros. Melee,490629086.19186,2017,Fighting
509,Super Smash Bros. Melee,385175995.279425,2018,Fighting
510,Super Smash Bros. Melee,238356878.609409,2019,Fighting
511,Super Smash Bros. Melee,388382958.16926897,2020,Fighting
512,Super Smash Bros. Melee,374560694.592693,2021,Fighting
513,TERA,1515413.137119,2016,Role-Playing
514,TERA,1008568.808037,2017,Role-Playing
515,TERA,6413704.481016,2018,Role-Playing
516,TMNT,831583.5076080001,2016,Action
517,Tales of Berseria,1800573.2090220004,2016,Role-Playing
518,Tales of Berseria,1563033.782016,2017,Role-Playing
519,Terraria,18669696.899322,2016,Action
520,Terraria,12669493.74978,2017,Action
521,Terraria,210177132.259395,2018,Action
522,Terraria,55173480.065508,2019,Action
523,Terraria,4509900434.541516,2020,Action
524,Terraria,752758507.803498,2021,Action
525,The Elder Scrolls III: Morrowind,6164307.469949999,2016,Role-Playing
526,The Elder Scrolls IV: Oblivion,1791347.962572,2016,Role-Playing
527,The Elder Scrolls IV: Oblivion,16144786.483854,2018,Role-Playing
528,The Elder Scrolls IV: Oblivion,2139838.519434,2019,Role-Playing
529,The Elder Scrolls IV: Oblivion,6575026.623543,2020,Role-Playing
530,The Elder Scrolls Online,35805320.083134,2016,Role-Playing
531,The Elder Scrolls Online,71075224.636227,2017,Role-Playing
532,The Elder Scrolls Online,408113591.892174,2018,Role-Playing
533,The Elder Scrolls Online,1537000052.963571,2019,Role-Playing
534,The Elder Scrolls Online,2725398434.736978,2020,Role-Playing
535,The Elder Scrolls Online,1213166866.611378,2021,Role-Playing
536,The Elder Scrolls V: Skyrim,433383028.74552,2016,Role-Playing
537,The Elder Scrolls V: Skyrim,125508164.764164,2017,Role-Playing
538,The Elder Scrolls V: Skyrim,190123518.31336495,2018,Role-Playing
539,The Elder Scrolls V: Skyrim,234838498.178571,2019,Role-Playing
540,The Elder Scrolls V: Skyrim,354844545.85513496,2020,Role-Playing
541,The Elder Scrolls V: Skyrim,280119429.557499,2021,Role-Playing
542,The Evil Within,1701112.861308,2016,Action
543,The Evil Within,25016587.933113,2017,Action
544,The Evil Within,1869772.903173,2018,Action
545,The King of Fighters XIV,3839162.775861,2016,Fighting
546,The King of Fighters XIV,751854.715353,2017,Fighting
547,The Last of Us,13627161.86034,2016,Action
548,The Last of Us,14953070.487978,2017,Action
549,The Last of Us,42067400.372256,2018,Action
550,The Last of Us,18277725.790086,2019,Action
551,The Last of Us,948292144.2745593,2020,Action
552,The Legend of Zelda: A Link Between Worlds,940626.851136,2016,Action
553,The Legend of Zelda: A Link Between Worlds,7049824.864151999,2019,Action
554,The Legend of Zelda: A Link to the Past,7842400.443444001,2016,Action
555,The Legend of Zelda: A Link to the Past,71819373.987942,2017,Action
556,The Legend of Zelda: A Link to the Past,118831944.244587,2018,Action
557,The Legend of Zelda: A Link to the Past,54904332.179508,2019,Action
558,The Legend of Zelda: A Link to the Past,53722923.352224,2020,Action
559,The Legend of Zelda: A Link to the Past,13195467.450227998,2021,Action
560,The Legend of Zelda: Four Swords Adventures,1951257.007728,2016,Action
561,The Legend of Zelda: Four Swords Adventures,3819633.6885,2018,Action
562,The Legend of Zelda: Link's Awakening DX,1556076.1845719998,2016,Adventure
563,The Legend of Zelda: Majora's Mask,39713334.250611,2016,Action
564,The Legend of Zelda: Majora's Mask,20237677.034694,2017,Action
565,The Legend of Zelda: Majora's Mask,4004789.076624,2018,Action
566,The Legend of Zelda: Majora's Mask,40187284.437237,2019,Action
567,The Legend of Zelda: Majora's Mask,2919245.2191000003,2020,Action
568,The Legend of Zelda: Majora's Mask,14098988.134854,2021,Action
569,The Legend of Zelda: Ocarina of Time,155999673.673179,2016,Action
570,The Legend of Zelda: Ocarina of Time,77040836.27366701,2017,Action
571,The Legend of Zelda: Ocarina of Time,172106096.111334,2018,Action
572,The Legend of Zelda: Ocarina of Time,172745646.860451,2019,Action
573,The Legend of Zelda: Ocarina of Time,216148462.887252,2020,Action
574,The Legend of Zelda: Ocarina of Time,106165914.736896,2021,Action
575,The Legend of Zelda: Oracle of Ages,1163613.08322,2016,Action
576,The Legend of Zelda: The Wind Waker,1281937.928355,2016,Action
577,The Legend of Zelda: The Wind Waker,1422933.5544480002,2019,Action
578,The Legend of Zelda: The Wind Waker,3331147.292319,2020,Action
579,The Legend of Zelda: Twilight Princess HD,12025585.662615,2016,Action
580,The Legend of Zelda: Twilight Princess HD,9083602.667349,2017,Action
581,The Sims 4,16904001.162174,2016,Simulation
582,The Sims 4,75509002.529058,2017,Simulation
583,The Sims 4,155898933.303792,2018,Simulation
584,The Sims 4,202153481.248572,2019,Simulation
585,The Sims 4,652304163.98511,2020,Simulation
586,The Sims 4,1029392949.972429,2021,Simulation
587,The Walking Dead: Season One,5610639.436143001,2016,Adventure
588,The Walking Dead: Season One,545329.669542,2017,Adventure
589,The Walking Dead: Season Two,862374.4452750001,2016,Adventure
590,The Witcher 3: Wild Hunt,176480042.85176998,2016,Role-Playing
591,The Witcher 3: Wild Hunt,150504820.550469,2017,Role-Playing
592,The Witcher 3: Wild Hunt,219822978.331404,2018,Role-Playing
593,The Witcher 3: Wild Hunt,213915340.811109,2019,Role-Playing
594,The Witcher 3: Wild Hunt,1323584688.589548,2020,Role-Playing
595,The Witcher 3: Wild Hunt,121211971.466691,2021,Role-Playing
596,Tom Clancy's The Division,10998288320.38316,2016,Shooter
597,Tom Clancy's The Division,338255977.704036,2017,Shooter
598,Tom Clancy's The Division,117624932.933613,2018,Shooter
599,Tom Clancy's The Division,18388744.514448,2019,Shooter
600,Tony Hawk's Pro Skater,947076.9377999998,2016,Sports
601,TrackMania Turbo,5896290.932405999,2016,Action
602,Transformers: Devastation,1529473.519833,2016,Action
603,Trials Fusion,1582404.291972,2016,Racing
604,Trials Fusion,656598.742758,2017,Racing
605,Trials Fusion,1389405.2916239998,2018,Racing
606,Ultimate Marvel vs. Capcom 3,7034747.220396001,2016,Fighting
607,Ultimate Marvel vs. Capcom 3,5867907.027843,2017,Fighting
608,Ultra Street Fighter IV,2810399.29695,2016,Fighting
609,Uncharted 2: Among Thieves,265066.3512,2016,Action
610,Uncharted 4: A Thief's End,463814480.9295271,2016,Shooter
611,Uncharted 4: A Thief's End,2138885.036316,2017,Shooter
612,Uncharted: The Nathan Drake Collection,1153624.394202,2016,Action
613,Until Dawn,5727792.464436,2016,Adventure
614,Until Dawn,5994620.81484,2017,Adventure
615,Until Dawn,4412722.078044,2018,Adventure
616,Until Dawn,1913076.299904,2019,Adventure
617,Until Dawn,17883334.163541,2020,Adventure
618,WWE 2K16,5225887.849119,2016,Sports
619,Wolfenstein: The New Order,1464046.958577,2016,Shooter
620,Wolfenstein: The New Order,3563662.741107,2017,Shooter
621,World of Tanks,6061519105.613349,2016,Shooter
622,World of Tanks,4026751837.966872,2017,Shooter
623,World of Tanks,2454041972.282502,2018,Shooter
624,World of Tanks,2632734568.893009,2019,Shooter
625,World of Tanks,4677749094.31977,2020,Shooter
626,World of Tanks,5424669531.430233,2021,Shooter
627,World of Warcraft,50675447375.98214,2016,Role-Playing
628,World of Warcraft,34506068938.19654,2017,Role-Playing
629,World of Warcraft,173689122963.35754,2018,Role-Playing
630,World of Warcraft,441731957218.7497,2019,Role-Playing
631,World of Warcraft,448670983145.2932,2020,Role-Playing
632,World of Warcraft,258014345341.15347,2021,Role-Playing
633,XCOM 2,935557357.591206,2016,Strategy
634,XCOM 2,70219884.97167,2017,Strategy
635,XCOM 2,98870577.732108,2021,Strategy
636,Yakuza Kiwami,10263570.403737,2016,Adventure
637,Yakuza Kiwami,1695165.96417,2017,Adventure
638,Yakuza Kiwami,2422720.454616,2018,Adventure
639,Zelda II: The Adventure of Link,698665.3934399999,2016,Adventure
640,Zero Escape: Zero Time Dilemma,2198279.678973,2016,Adventure
641,Assassin's Creed II,2472688.660176,2017,Action
642,Batman: Arkham City,2242736.424705,2017,Action
643,Bayonetta,3448433.806356,2017,Action
644,Brothers: A Tale of Two Sons,1406437.782372,2017,Adventure
645,Call of Duty 2,762247.8989789999,2017,Shooter
646,Call of Duty: Ghosts,74408712.88116,2017,Shooter
647,Call of Duty: Ghosts,1964546.78784,2018,Shooter
648,Chrono Trigger,6291081.423312,2017,Role-Playing
649,Chrono Trigger,15748196.427222,2019,Role-Playing
650,Crash Bandicoot 2: Cortex Strikes Back,1006968.698148,2017,Platform
651,Devil May Cry,1916007.182544,2017,Action
652,Digimon World: Next Order,551669.390748,2017,Action
653,Duke Nukem Forever,693069.542991,2017,Shooter
654,EarthBound,11188112.159637,2017,Role-Playing
655,Fallout 3,1646475.887763,2017,Role-Playing
656,Fallout 3,1530139.040262,2018,Role-Playing
657,Final Fantasy,9686869.77069,2017,Role-Playing
658,God of War Collection,3689632.767744001,2017,Action
659,God of War Collection,1349428.8819690002,2018,Action
660,God of War III,1143398.509344,2017,Action
661,God of War III,44847547.87894501,2018,Action
662,Grand Theft Auto: Vice City,1522261.7096399998,2017,Action
663,Grand Theft Auto: Vice City,2712252.7523910003,2019,Action
664,Halo 2,2589281.67603,2017,Shooter
665,Halo: Combat Evolved,1373911.041132,2017,Shooter
666,Kingdom Hearts II,4833656.281818,2017,Role-Playing
667,Kirby Super Star,1539510.7362179998,2017,Platform
668,Kirby's Dream Land 3,2494884.749805,2017,Platform
669,Kirby: Planet Robobot,1315606.647705,2017,Action
670,Left 4 Dead,1497414.8618729997,2017,Shooter
671,Luigi's Mansion,1049384.392602,2017,Action
672,Mega Man,4576366.500321,2017,Platform
673,Mega Man Legends,1293651.60204,2017,Adventure
674,Mega Man Network Transmission,1133779.366398,2017,Platform
675,Metro 2033,487962.578187,2017,Shooter
676,Metro 2033,4112294.87382,2019,Shooter
677,Metroid Prime 2: Echoes,1870112.705139,2017,Shooter
678,Mount & Blade: Warband,10003076.58588,2017,Role-Playing
679,Mount & Blade: Warband,24328085.198592,2018,Role-Playing
680,Mount & Blade: Warband,24342073.965195,2019,Role-Playing
681,Mount & Blade: Warband,34823176.232208,2020,Role-Playing
682,Onimusha: Warlords,1712169.1524,2017,Action
683,Onimusha: Warlords,2484597.72078,2019,Action
684,Power Rangers Samurai,427852.515657,2017,Action
685,Prey,240029826.546489,2017,Shooter
686,Prey,5399676.083969999,2018,Shooter
687,Prince of Persia: The Sands of Time,1033751.246913,2017,Action
688,Resident Evil 6,3675928.651920001,2017,Shooter
689,Rocket: Robot on Wheels,966989.292003,2017,Platform
690,Shovel Knight,1381444.4693280002,2017,Platform
691,Silent Hill 4: The Room,1775635.741089,2017,Action
692,Sly Cooper and the Thievius Raccoonus,1878054.8388,2017,Platform
693,Sonic Advance 2,1428583.70445,2017,Platform
694,StarCraft,231238792.04710203,2017,Strategy
695,StarCraft,137181451.709631,2018,Strategy
696,StarCraft,110917513.890645,2019,Strategy
697,StarCraft,152528151.438243,2020,Strategy
698,StarCraft,2279191735.229556,2021,Strategy
699,Super Castlevania IV,1128701.29365,2017,Platform
700,Super Monkey Ball Deluxe,1775439.4236810002,2017,Misc
701,The Legend of Zelda: Skyward Sword,733844.7380250001,2017,Action
702,The Legend of Zelda: Skyward Sword,7538704.226339999,2018,Action
703,The Legend of Zelda: Skyward Sword,5358914.136576001,2020,Action
704,The Legend of Zelda: The Minish Cap,2471993.7268320005,2017,Action
705,The Legend of Zelda: The Minish Cap,3724347.451356,2019,Action
706,The Witcher,2802601.688733,2017,Role-Playing
707,The Witcher,2475970.132146,2018,Role-Playing
708,The Witcher,12055893.660719998,2020,Role-Playing
709,The Witcher 2: Assassins of Kings,1693182.3824160004,2017,Action
710,The Witcher 2: Assassins of Kings,5892544.846776,2020,Action
711,This War of Mine,1447288.7728319997,2017,Action
712,Tomb Raider II,1452899.211456,2017,Action
713,Trauma Center: New Blood,1245614.460804,2017,Simulation
714,Tropico 5,680922.892272,2017,Simulation
715,Vanquish,867830.18616,2017,Shooter
716,Worms Armageddon,483482.888721,2017,Strategy
717,Ys VIII: Lacrimosa of Dana,902297.4227819998,2017,Role-Playing
718,Banjo-Tooie,1622315.93013,2018,Platform
719,Borderlands: The Pre-Sequel,1809074.203839,2018,Shooter
720,Devil May Cry HD Collection,1185663.30687,2018,Action
721,F-Zero GX,2088046.618518,2018,Racing
722,Final Fantasy XI,13902952.586166002,2018,Role-Playing
723,Final Fantasy XI,2356497.268608,2019,Role-Playing
724,Fire Emblem: The Sacred Stones,1163007.00369,2018,Strategy
725,God of War,9383026460.449718,2018,Action
726,God of War,52955087.882571004,2019,Action
727,God of War,110594717.368128,2020,Action
728,God of War,138755161.38621902,2021,Action
729,God of War II,6300107.844765001,2018,Action
730,Grand Theft Auto IV,4626421.4621520005,2018,Action
731,Grand Theft Auto IV,8431664.365488,2020,Action
732,Halo: The Master Chief Collection,13152593.22972,2018,Shooter
733,Halo: The Master Chief Collection,581839596.884763,2019,Shooter
734,Halo: The Master Chief Collection,288436919.50038,2020,Shooter
735,Halo: The Master Chief Collection,227463760.923,2021,Shooter
736,Katamari Damacy,2581975.192524,2018,Puzzle
737,LittleBigPlanet 2,1223999.343273,2018,Platform
738,Mario & Luigi: Superstar Saga,1810281.726225,2018,Role-Playing
739,Mario & Luigi: Superstar Saga,2726618.193558,2020,Role-Playing
740,Mega Man Zero 3,1302915.424356,2018,Platform
741,Metroid Prime 3: Corruption,4831702.1602920005,2018,Shooter
742,Ninja Gaiden Black,2594288.96853,2018,Action
743,Pillars of Eternity,11575213.783371,2018,Role-Playing
744,Professor Layton and the Curious Village,1113875.702016,2018,Puzzle
745,Puyo Puyo Tetris,4019150.24385,2018,Puzzle
746,Rayman,1461519.4665749995,2018,Platform
747,S.T.A.L.K.E.R.: Clear Sky,1380005.55483,2018,Shooter
748,Shenmue,2670093.305145,2018,Adventure
749,Sonic Advance 3,2690980.843362,2018,Platform
750,Super Mario World 2: Yoshi's Island,2482377.7948200004,2018,Platform
751,Super Monkey Ball,1233251.1954000003,2018,Puzzle
752,The Legend of Zelda: Majora's Mask 3D,2802292.9398660003,2018,Action
753,The Legend of Zelda: Oracle of Seasons,2060876.592054,2018,Adventure
754,The Simpsons: Hit & Run,1899624.8355,2018,Racing
755,Yakuza 3,11116906.741248,2018,Action
756,Yu-Gi-Oh! Forbidden Memories,2505396.98871,2018,Role-Playing
757,Borderlands,68870269.376832,2019,Shooter
758,Catherine,6768021.602286001,2019,Adventure
759,Final Fantasy VIII,6454746.899874,2019,Role-Playing
760,Final Fantasy VIII,24673227.9822,2020,Role-Playing
761,Halo: Reach,6488518.06764,2019,Shooter
762,LEGO Star Wars: The Complete Saga,1848679.8530550003,2019,Action
763,Mario Kart DS,2491903.873095,2019,Racing
764,MediEvil,1954364.904072,2019,Platform
765,Monster Rancher 2,2127026.41137,2019,Simulation
766,New Super Mario Bros. U,5581089.73926,2019,Platform
767,Phoenix Wright: Ace Attorney Trilogy,1735266.7912440002,2019,Adventure
768,Punch-Out!!,2826893.223819,2019,Sports
769,Tales of Vesperia,6986611.478867999,2019,Role-Playing
770,Tetris,78105320.988723,2019,Puzzle
771,The Legend of Zelda: Link's Awakening,159950620.729284,2019,Action
772,The Legend of Zelda: Link's Awakening,3921228.42027,2020,Action
773,The Legend of Zelda: Twilight Princess,13627942.20942,2019,Action
774,Trauma Center: Under the Knife 2,2230680.015648,2019,Simulation
775,Yakuza 4,6973585.326792001,2019,Action
776,Yakuza 5,22933133.025474,2019,Action
777,Yakuza 5,7577638.157124001,2020,Action
778,Barbie Horse Adventures: Wild Horse Rescue,10011766.154544,2020,Sports
779,Destroy All Humans!,25842984.895035,2020,Shooter
780,Diablo II,80750031.12170401,2020,Role-Playing
781,Diablo II,209923444.826634,2021,Role-Playing
782,Donkey Kong Country 3: Dixie Kong's Double Trouble!,3754411.172442,2020,Platform
783,Kingdoms of Amalur: Reckoning,33004279.108332,2020,Role-Playing
784,Max Payne 3,29777718.038376004,2020,Shooter
785,Max Payne 3,12875533.096104,2021,Shooter
786,Microsoft Flight Simulator,1058581334.696361,2020,Simulation
787,Microsoft Flight Simulator,49005016.558554,2021,Simulation
788,NCAA Football 14,37799837.984748,2020,Sports
789,Phantasy Star Online 2,32821112.380224004,2020,Role-Playing
790,Phantasy Star Online 2,14799104.996508,2021,Role-Playing
791,The Legend of Zelda,6079326.855839999,2020,Action
792,Wasteland 2,5810978.370288,2020,Role-Playing
793,Yakuza,89871847.22170201,2020,Action
794,The Movies,56303001.16728,2021,Simulation
